TC_1,TC_2,TC_3,TC_4,TC_5,TC_6,TC_7,TC_8,TC_9,TC_10,TC_11,TC_12,TC_13,TC_14,TC_15,TC_16
0.3126808120471871,0.282046668050981,0.2812514844195171,0.2611897959777352,0.4444752501470539,0.6582210360679284,0.6077389972456331,0.678736040111577,0.3841928223579423,0.4658934281301441,0.4142126024302222,0.33269550052991903,0.127820905028301,0.08619788388577021,0.07648473451671123,0.045372596252303055
0.3331128149931182,0.3024740858375523,0.3119348193450655,0.3020501985789821,0.4036166249704394,0.5050005488762785,0.5055747159516102,0.5050718700211299,0.3841928223579423,0.41482488366370873,0.39375704581319226,0.33269550052991903,0.1482502176166065,0.106627282177989,0.08670116264611494,0.045372596252303055
0.3637608194120112,0.33311521251741283,0.34261815427061393,0.33269550052991903,0.3627579997938284,0.40285355741518103,0.42384329091639117,0.4131320152673652,0.3433288164660837,0.34332892141070204,0.3323903759620954,0.2918350979286721,0.13803556132245376,0.106627282177989,0.0969175907755151,0.055588135669388805
0.40462482530387334,0.36375633919727335,0.36307371088764384,0.3531257018305425,0.32189937461721385,0.3415653625385211,0.362544722139976,0.35183877876485425,0.2922488091012596,0.282046668050981,0.2914792627280356,0.25097469532742167,0.127820905028301,0.09641258303188138,0.08670116264611494,0.06580367508647456
0.4454888311957319,0.39439746587713387,0.39375704581319226,0.363340802480856,0.29125540573475206,0.2904918668079688,0.3216790096223683,0.30076108167942905,0.261600804682363,0.24119183247783127,0.24034037118545726,0.21011429272617477,0.11760624873414471,0.08619788388577021,0.08670116264611494,0.055588135669388805
0.496568838560556,0.4352523014502836,0.4142126024302222,0.39398610443179294,0.27082609314644657,0.2496330702235312,0.2910297252341607,0.2598989240110896,0.24116880173643196,0.2003369969046851,0.20965703625990884,0.1794689907752378,0.10739159243999197,0.07598318473965904,0.07648473451671123,0.045372596252303055
0.5578648473983456,0.4863208459167154,0.45512371566428556,0.4144163057324164,0.2503967805581411,0.21898897278520124,0.2501640127165494,0.2292523057598359,0.21052079731753892,0.16969587022482457,0.1789737013343604,0.15903878947461436,0.08696227985168647,0.06576848559355142,0.07648473451671123,0.035157056835217304
0.6293768577091008,0.5373893903831508,0.5062626072068639,0.4654918089839768,0.24018212426398833,0.1985595744929789,0.23994758458714927,0.2088212269256644,0.19008879437160786,0.13905474354496405,0.1585181447173305,0.1283934875236774,0.06653296726337743,0.055553786447440245,0.05605187825790736,0.024941517418135106
0.7213208709657835,0.6088853526361575,0.5574014987494422,0.49613711093491375,0.24018212426398833,0.16791547705464893,0.2195147283283454,0.1883901480914929,0.16965679142568035,0.11862732575839274,0.1380625881003006,0.10796328622305396,0.05631831096922468,0.04533908730132907,0.04583545012850365,0.014725978001049356
0.8132648842224697,0.6803813148891678,0.6289959469090505,0.5574277148367841,0.24018212426398833,0.1577007779085413,0.2092983001989417,0.1781746086744107,0.16965679142568035,0.10841361686510353,0.11760703148326712,0.0875330849224305,0.04610365467507194,0.02490968900911028,0.03561902199909994,0.014725978001049356
0.9256409004250798,0.782518403822035,0.7005903950686623,0.618718318738658,0.2503967805581411,0.1577007779085413,0.2092983001989417,0.16795906925732496,0.16965679142568035,0.09819990797181788,0.10737925317475217,0.077317984272117,0.03588899838091919,0.014694989862999108,0.03561902199909994,0.004510438583963605
1.048232918100659,0.8744417838616165,0.792640399845304,0.7004391239411518,0.27082609314644657,0.1577007779085413,0.2092983001989417,0.16795906925732496,0.16965679142568035,0.08798619907853222,0.09715147486623721,0.077317984272117,0.015459685792613698,0.0044802907168914885,0.025402593869699786,-0.005705100833122145
1.2014729401951385,0.9970062905810586,0.8949181829304607,0.7821599291436492,0.2810407494405993,0.1577007779085413,0.2195147283283454,0.1781746086744107,0.17987279289864588,0.07777249018524302,0.08692369655772225,0.06710288362180705,0.015459685792613698,0.0044802907168914885,0.015186165740296076,-0.005705100833122145
1.3547129622896108,1.12978450619379,1.0074237443241358,0.8945260362970799,0.3116847183230611,0.16791547705464893,0.23994758458714927,0.1883901480914929,0.19008879437160786,0.07777249018524302,0.09715147486623721,0.06710288362180705,0.005245029498457399,-0.005734408429219684,0.004969737610895919,-0.015920640250207896
1.5283849873300142,1.2829901395930925,1.1403848623348338,1.0068921434505143,0.35254334349967564,0.1781301762007601,0.2501640127165494,0.2088212269256644,0.21052079731753892,0.08798619907853222,0.08692369655772225,0.06710288362180705,0.005245029498457399,-0.005734408429219684,0.004969737610895919,-0.015920640250207896
1.7122730138433795,1.4464094818856772,1.2835737586540574,1.129473351254262,0.39340196867628663,0.1985595744929789,0.280813297104757,0.21903676634275016,0.23095280026346998,0.08798619907853222,0.08692369655772225,0.06710288362180705,-0.004969626795695348,-0.015949107575330856,-0.0052466905185077906,-0.026136179667293646
1.916593043302683,1.609828824178269,1.4369904332817924,1.2622696597083163,0.4444752501470539,0.20877427363909007,0.3114625814929646,0.24968338459400385,0.2513848032093975,0.08798619907853222,0.09715147486623721,0.06710288362180705,-0.004969626795695348,-0.026163806721438476,-0.0154631186479115,-0.036351719084375844
2.1004810698160483,1.783461875364143,1.580179329601009,1.405281068812684,0.4955485316178212,0.23941837107742003,0.35232829401057586,0.2803300028452611,0.2922488091012596,0.09819990797181788,0.10737925317475217,0.077317984272117,-0.015184283089848094,-0.026163806721438476,-0.0154631186479115,-0.036351719084375844
2.2639370933834897,1.9264537998701563,1.7233682259202325,1.5278622766164318,0.5568364693827412,0.27006246851575,0.38297757839878344,0.3109766210965148,0.32289681352015265,0.11862732575839274,0.11760703148326712,0.0875330849224305,-0.015184283089848094,-0.026163806721438476,-0.0154631186479115,-0.036351719084375844
2.396745112532031,2.0490183065895984,1.8461015656224191,1.640228383769859,0.6079097508535085,0.30070656595407996,0.42384329091639117,0.35183877876485425,0.35354481793904924,0.1288410346516784,0.12783480979178208,0.097748185572744,-0.015184283089848094,-0.026163806721438476,-0.0154631186479115,-0.036351719084375844
2.498905127261679,2.1613691044157584,1.9483793487075758,1.7321642896226663,0.6691976886184285,0.3313506633924099,0.46470900343400245,0.3824853970161115,0.3944088238309078,0.14926845243825326,0.14829036640881554,0.11817838687336746,-0.015184283089848094,-0.026163806721438476,-0.0154631186479115,-0.036351719084375844
2.5704171375724343,2.2328650666687615,2.019973796867184,1.8036699941748537,0.7304856263833486,0.3619947608307399,0.5157911440810139,0.4131320152673652,0.4352728297227664,0.15948216133153892,0.1585181447173305,0.1283934875236774,-0.004969626795695348,-0.026163806721438476,-0.0154631186479115,-0.036351719084375844
2.6419291478831894,2.3043610289217717,2.0915682450267923,1.8751756987270412,0.7713442515599631,0.39263885826906986,0.5464404284692215,0.45399417293570465,0.46592083414166297,0.17990957911811378,0.1789737013343604,0.14882368882430086,-0.004969626795695348,-0.026163806721438476,-0.0154631186479115,-0.036351719084375844
2.7134411581939446,2.375856991174782,2.152934914877889,1.936466302628908,0.8224175330307304,0.4232829557073998,0.5770897128574255,0.4846407911869619,0.496568838560556,0.2003369969046851,0.18920147964287892,0.15903878947461436,-0.004969626795695348,-0.026163806721438476,-0.0154631186479115,-0.036351719084375844
2.7849531685046998,2.426925535641214,2.214301584728986,1.9977569065307819,0.8530615019131886,0.4539270531457298,0.6179554253750368,0.5152874094382156,0.5272168429794526,0.22076441469125996,0.20965703625990884,0.16925389012492786,0.005245029498457399,-0.015949107575330856,-0.0154631186479115,-0.036351719084375844
2.8258171743965548,2.4779940801076457,2.2654404762715643,2.0386173091320288,0.8837054707956469,0.48457115058405975,0.6486047097632444,0.5459340276894729,0.5578648473983456,0.24119183247783127,0.2198848145684238,0.18968409142555132,0.005245029498457399,-0.015949107575330856,-0.0052466905185077906,-0.036351719084375844
2.876897181761379,2.5290626245740846,2.306351589505624,2.089692812383589,0.924564095972265,0.5050005488762785,0.6792539941514519,0.5765806459407266,0.5782968503442767,0.2514055413711205,0.24034037118545726,0.19989919207586127,0.015459685792613698,-0.005734408429219684,-0.0052466905185077906,-0.026136179667293646
2.907545186180279,2.569917460147227,2.347262702739691,2.1203381143345297,0.9449934085605705,0.5254299471685009,0.6996868504102558,0.5970117247748981,0.5987288532902042,0.2718329591576918,0.2505681494939722,0.21011429272617477,0.015459685792613698,-0.005734408429219684,0.004969737610895919,-0.026136179667293646
2.948409192072134,2.6005585868270877,2.3779460376652324,2.1611985169357766,0.9756373774430287,0.5458593454607197,0.7303361347984634,0.617442803609066,0.6191608562361353,0.282046668050981,0.2710237061110021,0.22032939337648827,0.025674342086766444,0.0044802907168914885,0.004969737610895919,-0.015920640250207896
2.979057196491034,2.6311997135069483,2.4188571508992993,2.19184381888671,1.006281346325494,0.5662887437529385,0.7507689910572672,0.6378738824432375,0.6395928591820663,0.3024740858375523,0.2812514844195171,0.24075959467711172,0.025674342086766444,0.0044802907168914885,0.004969737610895919,-0.015920640250207896
3.019921202382889,2.6618408401868088,2.4495404858248477,2.212274020187337,1.0164960026196468,0.5765034428990496,0.7712018473160711,0.6583049612774055,0.6600248621279938,0.3126877947308415,0.2914792627280356,0.25097469532742167,0.03588899838091919,0.014694989862999108,0.015186165740296076,-0.015920640250207896
3.0301372038558583,2.6924819668666693,2.4699960424418776,2.232704221487957,1.0369253152079523,0.5969328411912684,0.7814182754454748,0.6685205006944912,0.6702408636009594,0.3229015036241272,0.30170704103655055,0.25097469532742167,0.03588899838091919,0.0044802907168914885,0.015186165740296076,-0.005705100833122145
3.0710012097477133,2.7129093846532477,2.4904515990589076,2.2633495234388974,1.0573546277962578,0.6071475403373796,0.8018511317042787,0.6889515795286627,0.6906728665468904,0.33311521251741283,0.3119348193450655,0.2611897959777352,0.04610365467507194,0.014694989862999108,0.025402593869699786,-0.005705100833122145
3.0812172112206824,2.733336802439819,2.5109071556759375,2.2837797247395173,1.0777839403845633,0.6173622394834908,0.8120675598336824,0.6991671189457485,0.700888868019856,0.34332892141070204,0.32216259765358046,0.2714048966280487,0.04610365467507194,0.02490968900911028,0.025402593869699786,-0.005705100833122145
3.1016492141666134,2.733336802439819,2.521134933984456,2.293994825389831,1.087998596678716,0.6275769386295984,0.8222839879630826,0.7093826583628307,0.7111048694928215,0.3535426303039877,0.3323903759620954,0.2816199972783586,0.05631831096922468,0.02490968900911028,0.03561902199909994,0.004510438583963605
3.1118652156395754,2.7639779291196795,2.541590490601486,2.314425026690458,1.1084279092670215,0.6480063369218207,0.84271684422189,0.7298137371970022,0.731536872438749,0.36375633919727335,0.34261815427061393,0.2918350979286721,0.05631831096922468,0.02490968900911028,0.03561902199909994,0.004510438583963605
3.1322972185855065,2.7741916380129616,2.5518182689100044,2.3246401273407713,1.1186425655611814,0.6582210360679284,0.8529332723512937,0.7400292766140879,0.731536872438749,0.36375633919727335,0.34261815427061393,0.3020501985789821,0.05631831096922468,0.03512438815522145,0.03561902199909994,0.004510438583963605
3.1425132200584684,2.784405346906251,2.562046047218516,2.3348552279910777,1.128857221855334,0.6582210360679284,0.8631497004806903,0.7400292766140879,0.7417528739117145,0.37397004809056256,0.3528459325791289,0.3020501985789821,0.06653296726337743,0.04533908730132907,0.04583545012850365,0.004510438583963605
3.1527292215314375,2.79461905579954,2.5825016038355457,2.345070328641391,1.128857221855334,0.6684357352140395,0.8631497004806903,0.7502448160311737,0.75196887538468,0.3841837569838482,0.36307371088764384,0.3122652992292956,0.06653296726337743,0.04533908730132907,0.04583545012850365,0.004510438583963605
3.1527292215314375,2.79461905579954,2.5722738255270343,2.345070328641391,1.1390718781494868,0.6684357352140395,0.8631497004806903,0.7604603554482559,0.75196887538468,0.3841837569838482,0.36307371088764384,0.3122652992292956,0.07674762355753373,0.04533908730132907,0.04583545012850365,0.014725978001049356
3.1527292215314375,2.804832764692822,2.5825016038355457,2.3552854292917047,1.1492865344436396,0.6786504343601507,0.873366128610094,0.7604603554482559,0.7621848768576456,0.39439746587713387,0.3733014891961588,0.32248039987960553,0.08696227985168647,0.04533908730132907,0.04583545012850365,0.024941517418135106
3.1731612244773615,2.8150464735861114,2.5927293821440642,2.365500529942018,1.1492865344436396,0.6888651335062583,0.8835825567394977,0.7706758948653416,0.7724008783306076,0.4046111747704231,0.3733014891961588,0.32248039987960553,0.08696227985168647,0.055553786447440245,0.05605187825790736,0.024941517418135106
3.1833772259503306,2.8252601824794006,2.6029571604525827,2.3757156305923317,1.169715847031945,0.6990798326523695,0.8937989848689014,0.7808914342824274,0.7826168798035731,0.4046111747704231,0.3835292675046773,0.33269550052991903,0.08696227985168647,0.055553786447440245,0.05605187825790736,0.024941517418135106
3.1935932274232925,2.8354738913726827,2.613184938761094,2.385930731242638,1.169715847031945,0.6990798326523695,0.9040154129983051,0.7808914342824274,0.7826168798035731,0.4046111747704231,0.3835292675046773,0.33269550052991903,0.08696227985168647,0.055553786447440245,0.05605187825790736,0.024941517418135106
3.1935932274232925,2.845687600265972,2.6234127170696127,2.385930731242638,1.1799305033260978,0.7092945317984807,0.9040154129983051,0.7911069736995131,0.7826168798035731,0.41482488366370873,0.3835292675046773,0.33269550052991903,0.08696227985168647,0.06576848559355142,0.05605187825790736,0.024941517418135106
3.2038092288962616,2.855901309159261,2.633640495378124,2.3961458318929516,1.1799305033260978,0.7092945317984807,0.9040154129983051,0.7911069736995131,0.7928328812765386,0.41482488366370873,0.39375704581319226,0.34291060118023253,0.09717693614583922,0.06576848559355142,0.06626830638730752,0.035157056835217304
3.2038092288962616,2.855901309159261,2.633640495378124,2.3961458318929516,1.1901451596202506,0.7195092309445883,0.9142318411277017,0.8013225131165989,0.7928328812765386,0.41482488366370873,0.39375704581319226,0.34291060118023253,0.09717693614583922,0.06576848559355142,0.06626830638730752,0.035157056835217304
3.2140252303692236,2.855901309159261,2.633640495378124,2.406360932543265,1.1901451596202506,0.7195092309445883,0.9142318411277017,0.8013225131165989,0.7928328812765386,0.4250385925569944,0.39375704581319226,0.3531257018305425,0.09717693614583922,0.06576848559355142,0.06626830638730752,0.035157056835217304
3.2242412318421927,2.866115018052543,2.6438682736866426,2.406360932543265,1.1901451596202506,0.7297239300906995,0.9244482692571054,0.811538052533681,0.8030488827495041,0.4250385925569944,0.4039848241217072,0.3531257018305425,0.09717693614583922,0.06576848559355142,0.06626830638730752,0.035157056835217304
3.2242412318421927,2.866115018052543,2.6438682736866426,2.4165760331935786,1.1901451596202506,0.7297239300906995,0.9244482692571054,0.811538052533681,0.8030488827495041,0.4352523014502836,0.4039848241217072,0.3531257018305425,0.09717693614583922,0.07598318473965904,0.07648473451671123,0.045372596252303055
3.2242412318421927,2.866115018052543,2.6438682736866426,2.4165760331935786,1.2003598159144033,0.7297239300906995,0.9244482692571054,0.811538052533681,0.8030488827495041,0.4352523014502836,0.4039848241217072,0.3531257018305425,0.09717693614583922,0.07598318473965904,0.07648473451671123,0.045372596252303055
3.2242412318421927,2.866115018052543,2.6438682736866426,2.4165760331935786,1.1901451596202506,0.7297239300906995,0.9346646973865091,0.811538052533681,0.8132648842224697,0.4352523014502836,0.4039848241217072,0.3531257018305425,0.10739159243999197,0.07598318473965904,0.07648473451671123,0.045372596252303055
3.2344572333151547,2.8763287269458324,2.654096051995161,2.4165760331935786,1.2003598159144033,0.7297239300906995,0.9346646973865091,0.8217535919507668,0.8132648842224697,0.4352523014502836,0.4142126024302222,0.363340802480856,0.10739159243999197,0.07598318473965904,0.07648473451671123,0.045372596252303055
3.2242412318421927,2.8763287269458324,2.654096051995161,2.4165760331935786,1.2003598159144033,0.7297239300906995,0.9346646973865091,0.811538052533681,0.8132648842224697,0.4352523014502836,0.4039848241217072,0.363340802480856,0.10739159243999197,0.07598318473965904,0.07648473451671123,0.045372596252303055
3.2344572333151547,2.8763287269458324,2.654096051995161,2.4165760331935786,1.2003598159144033,0.7399386292368106,0.9346646973865091,0.811538052533681,0.8132648842224697,0.44546601034356925,0.4142126024302222,0.363340802480856,0.10739159243999197,0.07598318473965904,0.07648473451671123,0.045372596252303055
3.2242412318421927,2.8763287269458324,2.654096051995161,2.4165760331935786,1.2003598159144033,0.7297239300906995,0.9346646973865091,0.8217535919507668,0.8132648842224697,0.4352523014502836,0.4142126024302222,0.363340802480856,0.11760624873414471,0.08619788388577021,0.07648473451671123,0.045372596252303055
3.2446732347881166,2.8865424358391216,2.6643238303036725,2.426791133843885,1.2003598159144033,0.7399386292368106,0.9346646973865091,0.8217535919507668,0.8234808856954352,0.44546601034356925,0.42444038073873713,0.363340802480856,0.11760624873414471,0.08619788388577021,0.08670116264611494,0.045372596252303055
3.2446732347881166,2.8865424358391216,2.6643238303036725,2.426791133843885,1.210574472208556,0.7399386292368106,0.9448811255159129,0.8217535919507668,0.8234808856954352,0.44546601034356925,0.4142126024302222,0.363340802480856,0.11760624873414471,0.08619788388577021,0.07648473451671123,0.055588135669388805
3.2446732347881166,2.8865424358391216,2.6643238303036725,2.4370062344941985,1.210574472208556,0.7399386292368106,0.9448811255159129,0.8217535919507668,0.8234808856954352,0.44546601034356925,0.4142126024302222,0.363340802480856,0.11760624873414471,0.08619788388577021,0.08670116264611494,0.045372596252303055
3.2446732347881166,2.8865424358391216,2.6643238303036725,2.426791133843885,1.210574472208556,0.7399386292368106,0.9448811255159129,0.8217535919507668,0.8234808856954352,0.44546601034356925,0.42444038073873713,0.363340802480856,0.11760624873414471,0.08619788388577021,0.08670116264611494,0.045372596252303055
3.2344572333151547,2.8763287269458324,2.654096051995161,2.4165760331935786,1.210574472208556,0.7399386292368106,0.9448811255159129,0.8217535919507668,0.8234808856954352,0.4556797192368549,0.42444038073873713,0.37355590313116593,0.11760624873414471,0.08619788388577021,0.08670116264611494,0.055588135669388805
3.2344572333151547,2.8763287269458324,2.654096051995161,2.426791133843885,1.210574472208556,0.7399386292368106,0.9448811255159129,0.8217535919507668,0.8234808856954352,0.4556797192368549,0.42444038073873713,0.37355590313116593,0.11760624873414471,0.08619788388577021,0.08670116264611494,0.055588135669388805
3.2446732347881166,2.8865424358391216,2.6643238303036725,2.426791133843885,1.2207891285027088,0.7501533283829183,0.9448811255159129,0.8319691313678561,0.8234808856954352,0.4556797192368549,0.42444038073873713,0.37355590313116593,0.11760624873414471,0.08619788388577021,0.08670116264611494,0.055588135669388805
3.2344572333151547,2.8865424358391216,2.6643238303036725,2.426791133843885,1.2207891285027088,0.7501533283829183,0.9448811255159129,0.8319691313678561,0.8234808856954352,0.4556797192368549,0.42444038073873713,0.37355590313116593,0.11760624873414471,0.08619788388577021,0.08670116264611494,0.055588135669388805
3.2344572333151547,2.8865424358391216,2.6643238303036725,2.426791133843885,1.2207891285027088,0.7501533283829183,0.9448811255159129,0.8319691313678561,0.8234808856954352,0.4556797192368549,0.42444038073873713,0.37355590313116593,0.11760624873414471,0.08619788388577021,0.08670116264611494,0.055588135669388805
3.2446732347881166,2.8865424358391216,2.6643238303036725,2.426791133843885,1.2207891285027088,0.7603680275290294,0.9550975536453166,0.8319691313678561,0.8234808856954352,0.4556797192368549,0.42444038073873713,0.37355590313116593,0.127820905028301,0.09641258303188138,0.08670116264611494,0.055588135669388805
3.2344572333151547,2.8865424358391216,2.654096051995161,2.4165760331935786,1.210574472208556,0.7501533283829183,0.9448811255159129,0.8319691313678561,0.8234808856954352,0.4556797192368549,0.43466815904725564,0.37355590313116593,0.127820905028301,0.08619788388577021,0.08670116264611494,0.055588135669388805
3.2446732347881166,2.8865424358391216,2.6643238303036725,2.426791133843885,1.2207891285027088,0.7399386292368106,0.9448811255159129,0.8217535919507668,0.8234808856954352,0.44546601034356925,0.42444038073873713,0.37355590313116593,0.11760624873414471,0.08619788388577021,0.08670116264611494,0.055588135669388805
3.2446732347881166,2.8865424358391216,2.6643238303036725,2.426791133843885,1.210574472208556,0.7399386292368106,0.9448811255159129,0.8217535919507668,0.8234808856954352,0.44546601034356925,0.42444038073873713,0.37355590313116593,0.11760624873414471,0.08619788388577021,0.08670116264611494,0.055588135669388805
3.2446732347881166,2.8865424358391216,2.6643238303036725,2.426791133843885,1.2207891285027088,0.7501533283829183,0.9448811255159129,0.8217535919507668,0.8234808856954352,0.4556797192368549,0.42444038073873713,0.37355590313116593,0.127820905028301,0.08619788388577021,0.08670116264611494,0.055588135669388805
3.2344572333151547,2.8865424358391216,2.6643238303036725,2.426791133843885,1.210574472208556,0.7501533283829183,0.9448811255159129,0.8319691313678561,0.8234808856954352,0.4556797192368549,0.42444038073873713,0.37355590313116593,0.11760624873414471,0.08619788388577021,0.08670116264611494,0.055588135669388805
3.2344572333151547,2.8865424358391216,2.6643238303036725,2.426791133843885,1.2207891285027088,0.7501533283829183,0.9448811255159129,0.8319691313678561,0.8234808856954352,0.4556797192368549,0.42444038073873713,0.37355590313116593,0.127820905028301,0.08619788388577021,0.08670116264611494,0.055588135669388805
3.2344572333151547,2.8763287269458324,2.6643238303036725,2.426791133843885,1.210574472208556,0.7501533283829183,0.9448811255159129,0.8319691313678561,0.8234808856954352,0.4556797192368549,0.42444038073873713,0.37355590313116593,0.11760624873414471,0.08619788388577021,0.08670116264611494,0.055588135669388805
3.2344572333151547,2.8865424358391216,2.654096051995161,2.426791133843885,1.210574472208556,0.7501533283829183,0.9448811255159129,0.8217535919507668,0.8234808856954352,0.4556797192368549,0.42444038073873713,0.37355590313116593,0.127820905028301,0.08619788388577021,0.08670116264611494,0.055588135669388805
3.2344572333151547,2.8763287269458324,2.654096051995161,2.4165760331935786,1.210574472208556,0.7399386292368106,0.9448811255159129,0.8217535919507668,0.8234808856954352,0.4556797192368549,0.43466815904725564,0.37355590313116593,0.127820905028301,0.08619788388577021,0.08670116264611494,0.055588135669388805
